Subject,FC_sameHRF,FC_diffHRF,Improvement
sub-PAT22,0.4253533705717217,0.282808318554651,-0.14254505201707068
sub-CON04,0.43490043302660586,0.330059009189902,-0.10484142383670386
sub-PAT03,0.4855508337666148,0.39748197210201863,-0.08806886166459615
sub-CON10,0.44357547954668874,0.3362206456719513,-0.10735483387473743
sub-PAT17,0.4569067753178202,0.2972815471364186,-0.15962522818140162
sub-PAT29,0.43456423035249,0.3243422477194745,-0.11022198263301547
sub-PAT08,0.44930684637114515,0.369546936772974,-0.07975990959817114
sub-PAT13,0.3635392279662255,0.26050286070057527,-0.10303636726565024
sub-PAT07,0.4325954996898215,0.32434200317629963,-0.1082534965135219
sub-PAT26,0.4760111155784232,0.36267849025382215,-0.11333262532460103
sub-PAT02,0.4337608456955351,0.3215790042844344,-0.11218184141110066
sub-CON05,0.47101996486356873,0.3767357297706366,-0.09428423509293216
sub-PAT23,0.4423714653502181,0.3031801214567676,-0.1391913438934505
sub-PAT16,0.44289371398368915,0.3564596900174811,-0.08643402396620803
sub-PAT28,0.4381145622739365,0.3621883096128209,-0.07592625266111563
sub-CON11,0.4497088753178256,0.3553665440725403,-0.0943423312452853
sub-PAT27,0.37027847543664794,0.24589053076024855,-0.12438794467639938
sub-PAT19,0.33475645291418554,0.21907691413426578,-0.11567953877991977
sub-PAT06,0.41388061847978524,0.29061224129989327,-0.12326837717989197
sub-CON01,0.4030111768937795,0.29260621109610874,-0.11040496579767078
sub-PAT15,0.43587305879459526,0.3260269439748213,-0.10984611481977397
sub-PAT01,0.44172130444873525,0.34078642570916395,-0.1009348787395713
sub-CON06,0.40869889374759183,0.2825311445486221,-0.12616774919896973
sub-PAT20,0.4588344200642352,0.37117846092395174,-0.08765595914028346
sub-PAT24,0.4488046137790958,0.3378385500445415,-0.11096606373455431
sub-PAT05,0.4620694213852389,0.37036405673649775,-0.09170536464874113
sub-CON02,0.4372721302724951,0.3571658807599007,-0.08010624951259443
sub-PAT11,0.4307690142360624,0.3418418867602988,-0.08892712747576359
sub-CON09,0.46443999731610824,0.35551851798349704,-0.1089214793326112
sub-PAT14,0.452437742896304,0.3205067791156604,-0.13193096378064362
sub-CON07,0.41101851860227967,0.3391992272060684,-0.0718192913962113
sub-CON03,0.4621836198573403,0.34684695315355385,-0.11533666670378645
sub-PAT25,0.4075854692031943,0.2946377791023191,-0.11294769010087519
sub-PAT31,0.43976475478793486,0.3433237747154545,-0.09644098007248036
sub-CON08,0.4187740923534514,0.3040396469426962,-0.11473444541075523
sub-PAT10,0.44359189711819097,0.32236754166163617,-0.1212243554565548
